id;dept_name;dept_no;edit_user;edit_time
1;Health;Rustic Rubber Ball Avenue;Fresh Sudanese Pound;2020-12-23T18:21:47
2;backing up Awesome Soft Keyboard Auto Loan Account;invoice;reboot;2020-12-24T03:12:11
3;Dynamic;Alabama;online red;2020-12-23T08:26:43
4;alarm Yen;Practical Rubber Shoes;New Mexico Synergized Fresh;2020-12-23T10:13:39
5;synergy;Grocery;Markets reinvent Product;2020-12-23T08:46:54
6;Planner cross-platform Investor;PCI Handmade;HDD;2020-12-23T13:17:10
7;Cambridgeshire protocol pixel;metrics;Savings Account;2020-12-24T05:44:26
8;wireless Incredible encompassing;communities matrix Enhanced;Berkshire withdrawal;2020-12-23T11:48:10
9;Fresh Ireland bypassing;Nebraska mobile;Applications Ergonomic;2020-12-23T13:01:19
10;Baht RSS;visualize;New Jersey;2020-12-23T18:05:49
