id;name;address;remark
1;copying;Roads;drive Grass-roots
2;Ergonomic Steel Bacon Industrial;New Israeli Sheqel CFP Franc;District South Africa
3;niches;panel efficient Lead;Graphic Interface
4;Shoes alarm SQL;Place Intranet;Virtual deposit
5;vortals;zero administration Pitcairn Islands invoice;Metrics cross-media
6;FTP Seychelles Rupee Corporate;Pennsylvania generate Fantastic Metal Chicken;e-services Chips
7;6th generation Human;project Chips embrace;Practical Cambridgeshire
8;quantify HDD Savings Account;Iowa Pants;Metrics solid state Investment Account
9;Handmade Frozen Mouse generating;grow Cambridgeshire;Ireland orchestrate auxiliary
10;synthesizing impactful Intelligent;Borders bluetooth Manager;Metal
